{
	"info": {
		"_postman_id": "5985064b-91f0-40f1-b4b7-19df2fa0d214",
		"name": "Serviço de Substituição",
		"schema": "https://schema.getpostman.com/json/collection/v2.1.0/collection.json"
	},
	"item": [
		{
			"name": "JAVA",
			"item": [
				{
					"name": "Criar Liquidação",
					"protocolProfileBehavior": {
						"disabledSystemHeaders": {
							"content-type": true
						}
					},
					"request": {
						"auth": {
							"type": "basic",
							"basic": [
								{
									"key": "username",
									"value": "externalApi",
									"type": "string"
								},
								{
									"key": "password",
									"value": "f$cE*sRv",
									"type": "string"
								}
							]
						},
						"method": "POST",
						"header": [],
						"body": {
							"mode": "raw",
							"raw": "<soapenv:Envelope xmlns:soapenv=\"http://schemas.xmlsoap.org/soap/envelope/\" xmlns:ws=\"http://tistech.co.ao/ws\">\n   <soapenv:Header>\n   </soapenv:Header>\n   <soapenv:Body>\n      <ws:createPayGenericRequest>\n         <ws:idEmissora>03</ws:idEmissora>\n         <ws:idExterno>CREATE01999121</ws:idExterno>\n         <ws:idNif>5000187534</ws:idNif>\n         <!--Optional:-->\n         <ws:idConta></ws:idConta>\n         <ws:idEntLiq>1156</ws:idEntLiq>\n         <ws:dataLiq>2021-03-24</ws:dataLiq>\n         <!--Optional:-->\n         <ws:tipoCobranca>VOL</ws:tipoCobranca>\n         <!--Optional:-->\n         <ws:formaLiquidacao>SASS</ws:formaLiquidacao>\n         <!--Optional:-->\n         <ws:tipoLiquidacao>DEFI</ws:tipoLiquidacao>\n         <!--Optional:-->\n         <ws:anoExercicio>2021</ws:anoExercicio>\n         <!--Optional:-->\n         <ws:perExercicio>M04</ws:perExercicio>\n         <ws:dataLimPag>2021-04-29</ws:dataLimPag>\n         <!--1 or more repetitions:-->\n         <ws:listaReceita>\n            <ws:codReceita>A28</ws:codReceita>\n            <!--Optional:-->\n            <ws:idNifEntidade>5000178900</ws:idNifEntidade>\n            <ws:valorLiq>789654.88</ws:valorLiq>\n            <!--Optional:-->\n            <ws:cdProvincia>LA</ws:cdProvincia>\n            <!--Optional:-->\n            <ws:cdMunicipio>LUANDA</ws:cdMunicipio>\n         </ws:listaReceita>\n         <ws:indPagEscr>F</ws:indPagEscr>\n         <!--Optional:-->\n         <ws:dataPagEscr></ws:dataPagEscr>\n         <!--Optional:-->\n         <ws:documentoAssociado></ws:documentoAssociado>\n      </ws:createPayGenericRequest>\n   </soapenv:Body>\n</soapenv:Envelope>",
							"options": {
								"raw": {
									"language": "xml"
								}
							}
						},
						"url": {
							"raw": "http://10.129.105.122:7021/external-liquidation-api/ws/soap/settlementPayGeneric.wsdl",
							"protocol": "http",
							"host": [
								"10",
								"129",
								"105",
								"122"
							],
							"port": "7021",
							"path": [
								"external-liquidation-api",
								"ws",
								"soap",
								"settlementPayGeneric.wsdl"
							]
						}
					},
					"response": []
				},
				{
					"name": "Substituir Liquidação Erro ListaReceita",
					"protocolProfileBehavior": {
						"disabledSystemHeaders": {
							"content-type": true
						}
					},
					"request": {
						"auth": {
							"type": "basic",
							"basic": [
								{
									"key": "username",
									"value": "externalApi",
									"type": "string"
								},
								{
									"key": "password",
									"value": "f$cE*sRv",
									"type": "string"
								}
							]
						},
						"method": "POST",
						"header": [],
						"body": {
							"mode": "raw",
							"raw": "<soapenv:Envelope xmlns:soapenv=\"http://schemas.xmlsoap.org/soap/envelope/\" xmlns:ws=\"http://tistech.co.ao/ws\">\n\t<soapenv:Header/>\n\t<soapenv:Body>\n\t\t<ws:replacePaymentRequest>\n\t\t\t<ws:idEmissora>03</ws:idEmissora>\n\t\t\t<ws:idExterno>13072022JS4</ws:idExterno>\n\t\t\t<ws:idNif>5000178772</ws:idNif>\n\t\t\t<!--Optional:-->\n\t\t\t<ws:idConta/>\n\t\t\t<ws:idEntLiq>1156</ws:idEntLiq>\n\t\t\t<ws:dataLiq>2022-03-24</ws:dataLiq>\n\t\t\t<!--Optional:-->\n\t\t\t<ws:tipoCobranca>VOL</ws:tipoCobranca>\n\t\t\t<!--Optional:-->\n\t\t\t<ws:formaLiquidacao>SASS</ws:formaLiquidacao>\n\t\t\t<!--Optional:-->\n\t\t\t<ws:tipoLiquidacao>DEFI</ws:tipoLiquidacao>\n\t\t\t<!--Optional:-->\n\t\t\t<ws:anoExercicio>2022</ws:anoExercicio>\n\t\t\t<!--Optional:-->\n\t\t\t<ws:perExercicio>M03</ws:perExercicio>\n\t\t\t<ws:dataLimPag>2022-04-29</ws:dataLimPag>\n\t\t\t<!--1 or more repetitions:-->\n\t\t\t<ws:listaReceita>\n\t\t\t\t<ws:codReceita>D15</ws:codReceita>\n\t\t\t\t<ws:idNifEntidade/>\n\t\t\t\t<ws:valorLiq>56789.54</ws:valorLiq>\n\t\t\t\t<ws:cdProvincia>LA</ws:cdProvincia>\n\t\t\t\t<ws:cdMunicipio>LUANDA</ws:cdMunicipio>\n\t\t\t</ws:listaReceita>\n\t\t\t<ws:dataPagEscr>2022-04-29</ws:dataPagEscr>\n\t\t\t<ws:idLiqAnterior>13072022JS3</ws:idLiqAnterior>\n\t\t</ws:replacePaymentRequest>\n\t</soapenv:Body>\n</soapenv:Envelope>",
							"options": {
								"raw": {
									"language": "xml"
								}
							}
						},
						"url": {
							"raw": "http://10.129.105.122:7021/external-liquidation-api/ws/soap/replacePayment.wsdl",
							"protocol": "http",
							"host": [
								"10",
								"129",
								"105",
								"122"
							],
							"port": "7021",
							"path": [
								"external-liquidation-api",
								"ws",
								"soap",
								"replacePayment.wsdl"
							]
						}
					},
					"response": []
				},
				{
					"name": "Substituir Liquidação 001",
					"protocolProfileBehavior": {
						"disabledSystemHeaders": {
							"content-type": true
						}
					},
					"request": {
						"auth": {
							"type": "basic",
							"basic": [
								{
									"key": "username",
									"value": "externalApi",
									"type": "string"
								},
								{
									"key": "password",
									"value": "f$cE*sRv",
									"type": "string"
								}
							]
						},
						"method": "POST",
						"header": [],
						"body": {
							"mode": "raw",
							"raw": "<soapenv:Envelope xmlns:soapenv=\"http://schemas.xmlsoap.org/soap/envelope/\" xmlns:ws=\"http://tistech.co.ao/ws\">\n\t<soapenv:Header/>\n\t<soapenv:Body>\n\t\t<ws:replacePaymentRequest>\n\t\t\t<ws:idEmissora>03</ws:idEmissora>\n\t\t\t<ws:idExterno>PJ14SLP_MAR202000216</ws:idExterno>\n\t\t\t<ws:idNif>5000178772</ws:idNif>\n\t\t\t<!--Optional:-->\n\t\t\t<ws:idConta/>\n\t\t\t<ws:idEntLiq>1156</ws:idEntLiq>\n\t\t\t<ws:dataLiq>2022-03-24</ws:dataLiq>\n\t\t\t<!--Optional:-->\n\t\t\t<ws:tipoCobranca>VOL</ws:tipoCobranca>\n\t\t\t<!--Optional:-->\n\t\t\t<ws:formaLiquidacao>SASS</ws:formaLiquidacao>\n\t\t\t<!--Optional:-->\n\t\t\t<ws:tipoLiquidacao>DEFI</ws:tipoLiquidacao>\n\t\t\t<!--Optional:-->\n\t\t\t<ws:anoExercicio>2022</ws:anoExercicio>\n\t\t\t<!--Optional:-->\n\t\t\t<ws:perExercicio>M03</ws:perExercicio>\n\t\t\t<ws:dataLimPag>2022-04-29</ws:dataLimPag>\n\t\t\t<!--1 or more repetitions:-->\n\t\t\t<ws:listaReceita>\n\t\t\t\t<ws:codReceita>A28</ws:codReceita>\n\t\t\t\t <ws:idNifEntidade>5000184250</ws:idNifEntidade>\n\t\t\t\t<ws:valorLiq>40000.00</ws:valorLiq>\n\t\t\t\t<ws:cdProvincia>LA</ws:cdProvincia>\n\t\t\t\t<ws:cdMunicipio/>\n\t\t\t</ws:listaReceita>\n\t\t\t<ws:dataPagEscr>2022-03-24</ws:dataPagEscr>\n\t\t\t<ws:idLiqAnterior>CREATE01999121</ws:idLiqAnterior>\n\t\t</ws:replacePaymentRequest>\n\t</soapenv:Body>\n</soapenv:Envelope>",
							"options": {
								"raw": {
									"language": "xml"
								}
							}
						},
						"url": {
							"raw": "http://10.129.105.122:7021/external-liquidation-api/ws/soap/replacePayment.wsdl",
							"protocol": "http",
							"host": [
								"10",
								"129",
								"105",
								"122"
							],
							"port": "7021",
							"path": [
								"external-liquidation-api",
								"ws",
								"soap",
								"replacePayment.wsdl"
							]
						}
					},
					"response": []
				},
				{
					"name": "Substituir Liquidação 002",
					"protocolProfileBehavior": {
						"disabledSystemHeaders": {
							"content-type": true
						}
					},
					"request": {
						"auth": {
							"type": "basic",
							"basic": [
								{
									"key": "username",
									"value": "externalApi",
									"type": "string"
								},
								{
									"key": "password",
									"value": "f$cE*sRv",
									"type": "string"
								}
							]
						},
						"method": "POST",
						"header": [],
						"body": {
							"mode": "raw",
							"raw": "<soapenv:Envelope xmlns:soapenv=\"http://schemas.xmlsoap.org/soap/envelope/\" xmlns:ws=\"http://tistech.co.ao/ws\">\n\t<soapenv:Header/>\n\t<soapenv:Body>\n\t\t<ws:replacePaymentRequest>\n\t\t\t<ws:idEmissora>03</ws:idEmissora>\n\t\t\t<ws:idExterno>PJ14SLP_MAR202216</ws:idExterno>\n\t\t\t<ws:idNif>5000178772</ws:idNif>\n\t\t\t<!--Optional:-->\n\t\t\t<ws:idConta/>\n\t\t\t<ws:idEntLiq>1156</ws:idEntLiq>\n\t\t\t<ws:dataLiq>2022-03-24</ws:dataLiq>\n\t\t\t<!--Optional:-->\n\t\t\t<ws:tipoCobranca>VOL</ws:tipoCobranca>\n\t\t\t<!--Optional:-->\n\t\t\t<ws:formaLiquidacao>SASS</ws:formaLiquidacao>\n\t\t\t<!--Optional:-->\n\t\t\t<ws:tipoLiquidacao>DEFI</ws:tipoLiquidacao>\n\t\t\t<!--Optional:-->\n\t\t\t<ws:anoExercicio>2022</ws:anoExercicio>\n\t\t\t<!--Optional:-->\n\t\t\t<ws:perExercicio>M03</ws:perExercicio>\n\t\t\t<ws:dataLimPag>2022-04-29</ws:dataLimPag>\n\t\t\t<!--1 or more repetitions:-->\n\t\t\t<ws:listaReceita>\n\t\t\t\t<ws:codReceita>D15</ws:codReceita>\n\t\t\t\t <ws:idNifEntidade>5000184250</ws:idNifEntidade>\n\t\t\t\t<ws:valorLiq>40000.00</ws:valorLiq>\n\t\t\t\t<ws:cdProvincia>LA</ws:cdProvincia>\n\t\t\t\t<ws:cdMunicipio/>\n\t\t\t</ws:listaReceita>\n\t\t\t<ws:dataPagEscr>2022-03-24</ws:dataPagEscr>\n\t\t\t<ws:idLiqAnterior>PJ14SLP_MAR202218</ws:idLiqAnterior>\n\t\t</ws:replacePaymentRequest>\n\t</soapenv:Body>\n</soapenv:Envelope>",
							"options": {
								"raw": {
									"language": "xml"
								}
							}
						},
						"url": {
							"raw": "http://10.129.105.122:7021/external-liquidation-api/ws/soap/replacePayment.wsdl?Context-Type",
							"protocol": "http",
							"host": [
								"10",
								"129",
								"105",
								"122"
							],
							"port": "7021",
							"path": [
								"external-liquidation-api",
								"ws",
								"soap",
								"replacePayment.wsdl"
							],
							"query": [
								{
									"key": "Context-Type",
									"value": null
								}
							]
						}
					},
					"response": []
				},
				{
					"name": "Substituir Liquidação  003",
					"protocolProfileBehavior": {
						"disabledSystemHeaders": {
							"content-type": true
						}
					},
					"request": {
						"auth": {
							"type": "basic",
							"basic": [
								{
									"key": "username",
									"value": "externalApi",
									"type": "string"
								},
								{
									"key": "password",
									"value": "f$cE*sRv",
									"type": "string"
								}
							]
						},
						"method": "POST",
						"header": [],
						"body": {
							"mode": "raw",
							"raw": "<soapenv:Envelope xmlns:soapenv=\"http://schemas.xmlsoap.org/soap/envelope/\" xmlns:ws=\"http://tistech.co.ao/ws\">\n\t<soapenv:Header/>\n\t<soapenv:Body>\n\t\t<ws:replacePaymentRequest>\n\t\t\t<ws:idEmissora>03</ws:idEmissora>\n\t\t\t<ws:idExterno>PJ14SLP_MAR22730pm</ws:idExterno>\n\t\t\t<ws:idNif>5000178772</ws:idNif>\n\t\t\t<!--Optional:-->\n\t\t\t<ws:idConta/>\n\t\t\t<ws:idEntLiq>1156</ws:idEntLiq>\n\t\t\t<ws:dataLiq>2022-03-24</ws:dataLiq>\n\t\t\t<!--Optional:-->\n\t\t\t<ws:tipoCobranca>VOL</ws:tipoCobranca>\n\t\t\t<!--Optional:-->\n\t\t\t<ws:formaLiquidacao>SASS</ws:formaLiquidacao>\n\t\t\t<!--Optional:-->\n\t\t\t<ws:tipoLiquidacao>DEFI</ws:tipoLiquidacao>\n\t\t\t<!--Optional:-->\n\t\t\t<ws:anoExercicio>2022</ws:anoExercicio>\n\t\t\t<!--Optional:-->\n\t\t\t<ws:perExercicio>M03</ws:perExercicio>\n\t\t\t<ws:dataLimPag>2022-04-29</ws:dataLimPag>\n\t\t\t<!--1 or more repetitions:-->\n\t\t\t<ws:listaReceita>\n\t\t\t\t<ws:codReceita>D13</ws:codReceita>\n\t\t\t\t<ws:idNifEntidade/>\n\t\t\t\t<ws:valorLiq>45000</ws:valorLiq>\n\t\t\t\t<ws:cdProvincia>LA</ws:cdProvincia>\n\t\t\t\t<ws:cdMunicipio/>\n\t\t\t</ws:listaReceita>\n\t\t\t<ws:listaReceita>\n\t\t\t\t<ws:codReceita>D15</ws:codReceita>\n\t\t\t\t<ws:idNifEntidade/>\n\t\t\t\t<ws:valorLiq>46000</ws:valorLiq>\n\t\t\t\t<ws:cdProvincia></ws:cdProvincia>\n\t\t\t\t<ws:cdMunicipio/>\n\t\t\t</ws:listaReceita>\n\t\t\t<ws:dataPagEscr>2022-04-29</ws:dataPagEscr>\n\t\t\t<ws:idLiqAnterior>PJ14SLP_MAR22729pm</ws:idLiqAnterior>\n\t\t</ws:replacePaymentRequest>\n\t</soapenv:Body>\n</soapenv:Envelope>",
							"options": {
								"raw": {
									"language": "xml"
								}
							}
						},
						"url": {
							"raw": "http://10.129.105.122:7021/external-liquidation-api/ws/soap/replacePayment.wsdl?Context-Type",
							"protocol": "http",
							"host": [
								"10",
								"129",
								"105",
								"122"
							],
							"port": "7021",
							"path": [
								"external-liquidation-api",
								"ws",
								"soap",
								"replacePayment.wsdl"
							],
							"query": [
								{
									"key": "Context-Type",
									"value": null
								}
							]
						}
					},
					"response": []
				}
			]
		},
		{
			"name": "PSRM",
			"item": [
				{
					"name": "Criar Liquidação",
					"event": [
						{
							"listen": "prerequest",
							"script": {
								"exec": [
									""
								],
								"type": "text/javascript"
							}
						}
					],
					"protocolProfileBehavior": {
						"disabledSystemHeaders": {
							"content-type": true
						}
					},
					"request": {
						"auth": {
							"type": "basic",
							"basic": [
								{
									"key": "password",
									"value": "password10",
									"type": "string"
								},
								{
									"key": "username",
									"value": "PUSER10",
									"type": "string"
								}
							]
						},
						"method": "POST",
						"header": [
							{
								"key": "Date",
								"value": "",
								"type": "text",
								"disabled": true
							}
						],
						"body": {
							"mode": "raw",
							"raw": "<soapenv:Envelope xmlns:cm=\"http://ouaf.oracle.com/webservices/cm/CM-CreatePaySigfeeAsycuda\" xmlns:soapenv=\"http://schemas.xmlsoap.org/soap/envelope/\">\n\t<soapenv:Header>\n      <wsse:Security soapenv:mustUnderstand=\"1\" xmlns:wsse=\"http://docs.oasis-open.org/wss/2004/01/oasis-200401-wss-wssecurity-secext-1.0.xsd\" xmlns:wsu=\"http://docs.oasis-open.org/wss/2004/01/oasis-200401-wss-wssecurity-utility-1.0.xsd\">\n         <wsu:Timestamp wsu:Id=\"TS-3B529398C38830E72016488368943474\">\n            <wsu:Created>2022-04-01T18:14:54.346Z</wsu:Created>\n            <wsu:Expires>2022-04-01T19:54:54.346Z</wsu:Expires>\n         </wsu:Timestamp>\n         <wsse:UsernameToken wsu:Id=\"UsernameToken-3B529398C38830E72016488368890653\">\n            <wsse:Username>PUSER10</wsse:Username>\n            <wsse:Password Type=\"http://docs.oasis-open.org/wss/2004/01/oasis-200401-wss-username-token-profile-1.0#PasswordText\">password10</wsse:Password>\n            <wsse:Nonce EncodingType=\"http://docs.oasis-open.org/wss/2004/01/oasis-200401-wss-soap-message-security-1.0#Base64Binary\">FlxPg2W/SCXuSDooEeLKUw==</wsse:Nonce>\n            <wsu:Created>2022-04-01T18:14:49.065Z</wsu:Created>\n         </wsse:UsernameToken>\n      </wsse:Security>\n\t</soapenv:Header>\n\t<soapenv:Body>\n\t\t<cm:CM-CreatePaySigfeeAsycuda>\n\t\t\t<!--Zero or more repetitions:-->\n\t\t\t<cm:cmTaxList>\n\t\t\t\t<!--Zero or more repetitions:-->\n\t\t\t\t<cm:cmNodeList>\n\t\t\t\t\t<!--Optional:-->\n\t\t\t\t\t<cm:cmTaxType>D15</cm:cmTaxType>\n\t\t\t\t\t<!--Optional:-->\n\t\t\t\t\t<cm:cmSigttaxValue>50000000</cm:cmSigttaxValue>\n\t\t\t\t\t<!--Optional:-->\n\t\t\t\t\t<cm:cmOtherRevTaxpNif/>\n\t\t\t\t</cm:cmNodeList>\n\t\t\t</cm:cmTaxList>\n\t\t\t<!--Optional:-->\n\t\t\t<cm:receiveDate>2021-03-24</cm:receiveDate>\n\t\t\t<!--Optional:-->\n\t\t\t<cm:cmDcTaxpNif>100909092291</cm:cmDcTaxpNif>\n\t\t\t<!--Optional:-->\n\t\t\t<cm:cmDocument/>\n\t\t\t<!--Optional:-->\n\t\t\t<cm:personId/>\n\t\t\t<!--Optional:-->\n\t\t\t<cm:cmDcAccount/>\n\t\t\t<!--Optional:-->\n\t\t\t<cm:cmCollectionFlg>VOL</cm:cmCollectionFlg>\n\t\t\t<!--Optional:-->\n\t\t\t<cm:cmAssessmentFormFlg>SASS</cm:cmAssessmentFormFlg>\n\t\t\t<!--Optional:-->\n\t\t\t<cm:cmAssessmentTypeFlg>DEFI</cm:cmAssessmentTypeFlg>\n\t\t\t<!--Optional:-->\n\t\t\t<cm:cmFrequencyFlg>MON</cm:cmFrequencyFlg>\n\t\t\t<!--Optional:-->\n\t\t\t<cm:cmIssueDate>2022-03-24</cm:cmIssueDate>\n\t\t\t<!--Optional:-->\n\t\t\t<cm:cmDueDate>2022-04-29</cm:cmDueDate>\n\t\t\t<!--Optional:-->\n\t\t\t<cm:cmPaymentDate>2022-05-31</cm:cmPaymentDate>\n\t\t\t<!--Optional:-->\n\t\t\t<cm:cmPeriodFlg>M03</cm:cmPeriodFlg>\n\t\t\t<!--Optional:-->\n\t\t\t<cm:cmYear>2022</cm:cmYear>\n\t\t\t<!--Optional:-->\n\t\t\t<cm:intSourceFlg>ASYC</cm:intSourceFlg>\n\t\t\t<!--Optional:-->\n\t\t\t<cm:rsltResponse/>\n\t\t\t<!--Optional:-->\n\t\t\t<cm:darNumber/>\n\t\t\t<!--Optional:-->\n\t\t\t<cm:dliNumber/>\n\t\t\t<!--Optional:-->\n\t\t\t<cm:cmAsyRefId>PJ14SLP_MAR22_0044</cm:cmAsyRefId>\n\t\t\t<!--Optional:-->\n\t\t\t<cm:cmCancelFlag/>\n\t\t\t<!--Optional:-->\n\t\t\t<cm:externalUserId/>\n\t\t\t<!--Optional:-->\n\t\t\t<cm:cmTaxOffice>1156</cm:cmTaxOffice>\n\t\t\t<!--Optional:-->\n\t\t\t<cm:documentLocator/>\n\t\t\t<!--Optional:-->\n\t\t\t<cm:cmEmisEntity/>\n\t\t\t<!--Optional:-->\n\t\t\t<cm:cmyesNoFlag/>\n\t\t</cm:CM-CreatePaySigfeeAsycuda>\n\t</soapenv:Body>\n</soapenv:Envelope>",
							"options": {
								"raw": {
									"language": "xml"
								}
							}
						},
						"url": {
							"raw": "https://10.129.105.51:7004/ouaf/webservices/CM-CreatePaySigfeeAsycuda",
							"protocol": "https",
							"host": [
								"10",
								"129",
								"105",
								"51"
							],
							"port": "7004",
							"path": [
								"ouaf",
								"webservices",
								"CM-CreatePaySigfeeAsycuda"
							]
						}
					},
					"response": []
				},
				{
					"name": "Substituir Liquidação",
					"event": [
						{
							"listen": "prerequest",
							"script": {
								"exec": [
									""
								],
								"type": "text/javascript"
							}
						}
					],
					"protocolProfileBehavior": {
						"disabledSystemHeaders": {
							"content-type": true
						}
					},
					"request": {
						"auth": {
							"type": "basic",
							"basic": [
								{
									"key": "password",
									"value": "password10",
									"type": "string"
								},
								{
									"key": "username",
									"value": "PUSER10",
									"type": "string"
								}
							]
						},
						"method": "POST",
						"header": [
							{
								"key": "Content-Type",
								"value": "text/xml",
								"type": "text"
							},
							{
								"key": "Connection",
								"value": "",
								"type": "text",
								"disabled": true
							}
						],
						"body": {
							"mode": "raw",
							"raw": "<soapenv:Envelope xmlns:soapenv=\"http://schemas.xmlsoap.org/soap/envelope/\" xmlns:cm=\"http://ouaf.oracle.com/webservices/cm/CM-SubstituteSIGTFormService\">\n\t<soapenv:Header>\n      <wsse:Security soapenv:mustUnderstand=\"1\" xmlns:wsse=\"http://docs.oasis-open.org/wss/2004/01/oasis-200401-wss-wssecurity-secext-1.0.xsd\" xmlns:wsu=\"http://docs.oasis-open.org/wss/2004/01/oasis-200401-wss-wssecurity-utility-1.0.xsd\">\n         <wsu:Timestamp wsu:Id=\"TS-3B529398C38830E72016488378944318\">\n            <wsu:Created>2022-04-01T18:31:34.430Z</wsu:Created>\n            <wsu:Expires>2022-04-01T20:11:34.430Z</wsu:Expires>\n         </wsu:Timestamp>\n         <wsse:UsernameToken wsu:Id=\"UsernameToken-3B529398C38830E72016488378903457\">\n            <wsse:Username>PUSER10</wsse:Username>\n            <wsse:Password Type=\"http://docs.oasis-open.org/wss/2004/01/oasis-200401-wss-username-token-profile-1.0#PasswordText\">password10</wsse:Password>\n            <wsse:Nonce EncodingType=\"http://docs.oasis-open.org/wss/2004/01/oasis-200401-wss-soap-message-security-1.0#Base64Binary\">1Ug3PeNYE5Nzlti3gLfyig==</wsse:Nonce>\n            <wsu:Created>2022-04-01T18:31:30.345Z</wsu:Created>\n         </wsse:UsernameToken>\n      </wsse:Security>\n\t</soapenv:Header>\n\t<soapenv:Body>\n\t\t<cm:update>\n\t\t\t<!--Optional:-->\n\t\t\t\t<!--Optional:-->\n\t\t\t\t<cm:cmAsyRefId>PJ14SLP_MAR22_0044</cm:cmAsyRefId>\n\t\t\t\t<!--Optional:-->\n\t\t\t\t<cm:receiveDate>2021-11-30</cm:receiveDate>\n\t\t\t\t<!--Optional:-->\n\t\t\t\t<cm:cmDcTaxpNif>5000178772</cm:cmDcTaxpNif>\n\t\t\t\t<!--Optional:-->\n\t\t\t\t<cm:cmDocument>210300166656052</cm:cmDocument>\n\t\t\t\t<!--Optional:-->\n\t\t\t\t<cm:personId/>\n\t\t\t\t<!--Optional:-->\n\t\t\t\t<cm:cmDcAccount/>\n\t\t\t\t<!--Optional:-->\n\t\t\t\t<cm:cmCollectionFlg>VOL</cm:cmCollectionFlg>\n\t\t\t\t<!--Optional:-->\n\t\t\t\t<cm:cmAssessmentFormFlg>SASS</cm:cmAssessmentFormFlg>\n\t\t\t\t<!--Optional:-->\n\t\t\t\t<cm:cmAssessmentTypeFlg>DEFI</cm:cmAssessmentTypeFlg>\n\t\t\t\t<!--Optional:-->\n\t\t\t\t<cm:cmFrequencyFlg>MON</cm:cmFrequencyFlg>\n\t\t\t\t<!--Optional:-->\n\t\t\t\t<cm:cmIssueDate>2021-11-30</cm:cmIssueDate>\n\t\t\t\t<!--Optional:-->\n\t\t\t\t<cm:cmDueDate>2021-12-30</cm:cmDueDate>\n\t\t\t\t<!--Optional:-->\n\t\t\t\t<cm:cmPaymentDate/>\n\t\t\t\t<!--Optional:-->\n\t\t\t\t<cm:cmPeriodFlg>M11</cm:cmPeriodFlg>\n\t\t\t\t<!--Optional:-->\n\t\t\t\t<cm:cmYear>2021</cm:cmYear>\n\t\t\t\t<!--Optional:-->\n\t\t\t\t<cm:intSourceFlg>ASYC</cm:intSourceFlg>\n\t\t\t<!--Optional:-->\n\t\t\t<cm:cmAsyRefId1>PJ14SLP_MAR22_00441</cm:cmAsyRefId1>\n\t\t\t<!--Optional:-->\n\t\t\t<cm:cmCancelFlag/>\n\t\t\t<!--Optional:-->\n\t\t\t<cm:externalUserId/>\n\t\t\t<!--Optional:-->\n\t\t\t<cm:cmTaxOffice>1156</cm:cmTaxOffice>\n\t\t\t<!--Optional:-->\n\t\t\t<cm:cmEmisEntity/>\n\t\t\t<!--Optional:-->\n\t\t\t<cm:cmPaymentYesNoFlg/>\n\t\t\t<!--Zero or more repetitions:-->\n\t\t\t<cm:cmTaxList>\n\t\t\t\t<!--Zero or more repetitions:-->\n\t\t\t\t<cm:cmNodeList>\n\t\t\t\t\t<!--Optional:-->\n\t\t\t\t\t<cm:cmTaxType>D15</cm:cmTaxType>\n\t\t\t\t\t<!--Optional:-->\n\t\t\t\t\t<cm:cmSigttaxValue>78945613</cm:cmSigttaxValue>\n\t\t\t\t\t<!--Optional:-->\n\t\t\t\t\t<cm:cmOtherRevTaxpNif/>\n\t\t\t\t</cm:cmNodeList>\n\t\t\t</cm:cmTaxList>\n\t\t<!--Optional:-->\n\t\t<cm:output>\n\t\t\t<!--Optional:-->\n\t\t\t<cm:rsltResponse/>\n\t\t\t<!--Optional:-->\n\t\t\t<cm:darNumber/>\n\t\t\t<!--Optional:-->\n\t\t\t<cm:dliNumber/>\n\t\t\t<!--Optional:-->\n\t\t\t<cm:idResltResponse/>\n\t\t\t<!--Optional:-->\n\t\t\t<cm:docPrevious>\n\t\t\t\t<!--Optional:-->\n\t\t\t\t<cm:idTipoDocAnt/>\n\t\t\t\t<!--Optional:-->\n\t\t\t\t<cm:idDocAnt/>\n\t\t\t\t<!--Optional:-->\n\t\t\t\t<cm:updateType/>\n\t\t\t</cm:docPrevious>\n\t\t\t<!--Optional:-->\n\t\t\t<cm:credGenerated>\n\t\t\t\t<!--Optional:-->\n\t\t\t\t<cm:idTipoDoc/>\n\t\t\t\t<!--Optional:-->\n\t\t\t\t<cm:idDoc/>\n\t\t\t\t<!--Optional:-->\n\t\t\t\t<cm:docValue/>\n\t\t\t</cm:credGenerated>\n\t\t\t<!--Optional:-->\n\t\t\t<cm:listErrors/>\n\t\t</cm:output>\n\t</cm:update>\n</soapenv:Body>\n</soapenv:Envelope>",
							"options": {
								"raw": {
									"language": "xml"
								}
							}
						},
						"url": {
							"raw": "https://10.129.105.51:7004/ouaf/webservices/CM-SubstituteSIGTFormService",
							"protocol": "https",
							"host": [
								"10",
								"129",
								"105",
								"51"
							],
							"port": "7004",
							"path": [
								"ouaf",
								"webservices",
								"CM-SubstituteSIGTFormService"
							]
						}
					},
					"response": []
				}
			]
		}
	]
}