{
	"info": {
		"_postman_id": "2ff7add2-4050-4a31-9375-9968c0649631",
		"name": "Serviço de Anulação de Substituição",
		"schema": "https://schema.getpostman.com/json/collection/v2.1.0/collection.json"
	},
	"item": [
		{
			"name": "REST",
			"item": [
				{
					"name": "get token",
					"request": {
						"method": "POST",
						"header": [],
						"body": {
							"mode": "raw",
							"raw": "{\n\t\"username\": \"externalApi\",\n\t\"password\": \"f$cE*sRv\"\n}",
							"options": {
								"raw": {
									"language": "json"
								}
							}
						},
						"url": {
							"raw": "http://10.129.105.122:7021/external-liquidation-api/login",
							"protocol": "http",
							"host": [
								"10",
								"129",
								"105",
								"122"
							],
							"port": "7021",
							"path": [
								"external-liquidation-api",
								"login"
							]
						}
					},
					"response": []
				},
				{
					"name": "Anulação Liquidações e Substituições",
					"request": {
						"method": "POST",
						"header": [
							{
								"key": "Authorization",
								"value": "eyJhbGciOiJIUzUxMiJ9.eyJzdWIiOiJleHRlcm5hbEFwaSIsImV4cCI6MTc1MzYyMzM3N30.MKH0kz4PVr8wCVICrkGm-WbK8e9cFWZcqNZVNrDp2_vmEFZ0uq93NZvbueNlaYsvDszl0XhrLpKHOIFLsBxVGw",
								"type": "text"
							}
						],
						"body": {
							"mode": "raw",
							"raw": "{\n  \"idEmissora\": \"03\",\n  \"idLiqAnular\": \"220300172554704\",\n  \"idNIF\": \"5000187534\"\n}",
							"options": {
								"raw": {
									"language": "json"
								}
							}
						},
						"url": {
							"raw": "http://10.129.105.122:7021/external-liquidation-api/api/cancel-pay-tender",
							"protocol": "http",
							"host": [
								"10",
								"129",
								"105",
								"122"
							],
							"port": "7021",
							"path": [
								"external-liquidation-api",
								"api",
								"cancel-pay-tender"
							]
						}
					},
					"response": []
				}
			]
		},
		{
			"name": "SOAP",
			"item": [
				{
					"name": "Anulação Liquidações e Substituições",
					"protocolProfileBehavior": {
						"disabledSystemHeaders": {
							"content-type": true
						}
					},
					"request": {
						"auth": {
							"type": "basic",
							"basic": [
								{
									"key": "username",
									"value": "externalApi",
									"type": "string"
								},
								{
									"key": "password",
									"value": "f$cE*sRv",
									"type": "string"
								}
							]
						},
						"method": "POST",
						"header": [],
						"body": {
							"mode": "raw",
							"raw": "<soapenv:Envelope xmlns:soapenv=\"http://schemas.xmlsoap.org/soap/envelope/\" xmlns:ws=\"http://tistech.co.ao/ws\">\n   <soapenv:Header/>\n   <soapenv:Body>\n      <ws:cancelPayTenderRequest>\n         <ws:idEmissora></ws:idEmissora>\n         <ws:idNIF></ws:idNIF>\n         <ws:idLiqAnular></ws:idLiqAnular>\n      </ws:cancelPayTenderRequest>\n   </soapenv:Body>\n</soapenv:Envelope>",
							"options": {
								"raw": {
									"language": "xml"
								}
							}
						},
						"url": {
							"raw": "http://10.129.105.122:7021/external-liquidation-api/ws/soap/cancelPayTender.wsdl",
							"protocol": "http",
							"host": [
								"10",
								"129",
								"105",
								"122"
							],
							"port": "7021",
							"path": [
								"external-liquidation-api",
								"ws",
								"soap",
								"cancelPayTender.wsdl"
							]
						}
					},
					"response": []
				}
			]
		}
	]
}